OFFs-ID,x-coordinate,y-coordinate,OFF-price,capacity
151, 116.476532816, 40.0890843555, 12000, 0
222, 116.802767517, 40.430459056, 11000, 3
410, 116.176590945, 40.0790389836, 14400, 12
425, 116.567867221, 40.2899189035, 9000, 2
300, 116.607014521, 40.0288051115, 12000, 4
174, 116.293923268, 40.3401133727, 13000, 3
200, 116.215695511, 39.9584555266, 19392.40692163427, 8
207, 116.293923268, 40.2598004466, 12810.271426852934, 5
34, 116.241768785, 40.1493479364, 14000, 3
117, 115.838020432, 40.0489001184, 13431.4761301384, 5
104, 116.215695511, 40.0991292923, 15834.510099943649, 7
11, 116.515674298, 40.0388528672, 30000, -243
317, 116.320004201, 39.6867820062, 13917.71311350013, 2
16, 116.633113705, 40.1995577873, 12930.098851076344, 2
66, 116.333045531, 39.7069273837, 12921.639306548204, 5
434, 116.25480644, 39.737138262, 12362.290893183479, 8
497, 116.059320072, 39.6767078381, 11924.122935972538, 2
119, 116.515674298, 39.7572742176, 12000, 3
276, 116.920215793, 40.0689931627, 12000, 5
204, 116.320004201, 39.9282967469, 4444, 4
334, 116.320004201, 39.5658226211, 12298.766101043104, 9
121, 116.280883699, 39.9484032343, 3857, 1
64, 116.280883699, 39.6565564739, 8352.348697974428, 16
284, 116.45044028, 40.4706130605, 11928.463037495381, 3
180, 116.293923268, 39.8377834084, 16000, 2
212, 115.877050395, 39.8880757723, 14000, 3
90, 115.994200755, 39.857902604, 14000, 5
412, 116.150524999, 39.8880757723, 13812.045299256539, 6
218, 116.4373946, 39.8377834084, 24681.44483844537, 5
322, 116.26784475, 40.1292616312, 12000, 5
280, 116.607014521, 40.3501519477, 9542.011713283755, 5
225, 116.280883699, 40.2196396545, 13918.730799735049, 5
275, 116.241768785, 39.8880757723, 15421.41332059984, 9
214, 116.554818584, 39.7572742176, 13504.203082434686, 6
91, 116.685313813, 40.2095988551, 12656.645588802068, 7
7, 116.098402761, 40.3501519477, 5049.446092060629, 6
194, 116.502626803, 39.8981320507, 30000, 0
471, 116.528722105, 39.7774065989, 14000, 5
78, 116.033269485, 39.9484032343, 14000, 5
17, 116.776666722, 40.5609663578, 12000, 2
6, 116.085374314, 40.4706130605, 7200, 17
352, 116.515674298, 40.1995577873, 11930.633088256802, 2
13, 116.033269485, 40.0087080307, 14000, 4
97, 116.476532816, 40.0489001184, 29946.855278762374, 5
141, 116.333045531, 40.5609663578, 5950.656136974244, 4
442, 116.150524999, 40.1091738079, 20000, 2
128, 116.528722105, 39.9383503123, 20000, 0
361, 116.424349335, 39.857902604, 16000, 5
249, 116.020245604, 39.6565564739, 12000, 0
333, 116.724464877, 40.2497605816, 10811.667369573877, 8
22, 115.799001322, 39.737138262, 12470.322110520376, 8
397, 115.955141021, 39.64647925, 12856.412095765312, 3
52, 115.955141021, 39.9785582781, 15000, 2
377, 116.137493207, 39.6867820062, 12000, 0
72, 115.942123188, 39.716998621, 13000, 2
304, 115.994200755, 40.4505359281, 7945.735332120157, 5
267, 116.424349335, 40.0689931627, 14000, 0
346, 116.26784475, 39.64647925, 12937.151516050963, 3
4, 116.463486358, 39.7774065989, 12855.49592550294, 2
18, 116.176590945, 39.6968551834, 12735.023436694133, 8
307, 116.372172763, 39.9282967469, 30000, -53
474, 116.372172763, 39.8880757723, 35000, -32
371, 116.411304501, 39.9383503123, 30000, 3
60, 116.854968166, 40.2999580562, 9473.394950929105, 2
45, 115.591101869, 39.857902604, 15553.400849531183, 2
246, 116.26784475, 40.1192179163, 3188, -52
227, 116.150524999, 40.3903056481, 8774.22184455045, 5
164, 116.215695511, 40.0288051115, 22000, 5
101, 116.633113705, 40.6412949026, 12000, 2
193, 116.359129829, 39.9986586779, 20000, 2
3, 116.306963441, 39.8176610831, 11684.769626038951, 16
191, 116.959361845, 40.2698401126, 9918.69467975933, 5
85, 115.772994841, 39.5456471663, 12000, 2
133, 116.854968166, 40.3903056481, 10865.741828094917, 2
68, 116.098402761, 40.0991292923, 20000, 0
199, 116.4373946, 39.918242524, 30000, 0
477, 116.724464877, 40.1593905544, 11930.633088256802, 2
46, 116.64616354, 40.0589468789, 13000, 0
290, 116.059320072, 39.7270689091, 12000, 4
340, 116.385216198, 40.0388528672, 20000, 5
450, 116.4373946, 39.64647925, 14000, 3
253, 116.163557584, 40.2296801995, 13332.598033434497, 8
112, 116.111432071, 39.7270689091, 11572.984888474473, 8
150, 116.607014521, 39.8880757723, 13000, 0
198, 116.241768785, 39.6061597513, 13000, 2
77, 117.076783378, 40.5208077598, 10515.365796629909, 7
2, 116.306963441, 39.857902604, 21775.86468838563, 7
426, 116.424349335, 39.5759086053, 14000, 3
111, 116.580916101, 40.3903056481, 12000, 2
14, 116.64616354, 39.857902604, 13000, -514
116, 115.695006953, 39.7673408481, 13000, 2
155, 116.685313813, 40.3802672852, 8000, 2
336, 116.45044028, 40.2196396545, 13000, 4
306, 115.825012834, 40.5408866786, 5777.335538437138, 13
124, 116.45044028, 39.9484032343, 25000, 2
93, 116.385216198, 39.8478433905, 15942.019116855861, 4
143, 116.333045531, 40.1895164372, 12721.930429494818, 7
310, 116.398260116, 39.7774065989, 14000, 0
36, 116.241768785, 39.9584555266, 21921.82725955688, 2
189, 116.907166643, 40.4003439928, 9659.540880354642, 5
39, 116.033269485, 39.7673408481, 12729.178645244914, 7
491, 116.854968166, 40.1895164372, 12000, 2
339, 116.463486358, 40.0689931627, 20000, 3
400, 116.4373946, 40.1493479364, 13000, 4
457, 116.385216198, 39.8176610831, 16000, 2
61, 116.150524999, 39.9986586779, 12946.511614167244, 8
329, 116.241768785, 40.2598004466, 13000, 5
145, 116.228731803, 39.9081876299, 14775.474504391486, 5
83, 116.280883699, 39.9383503123, 15508.476472624121, 6
446, 116.554818584, 40.0689931627, 11506.713232105007, 7
402, 116.280883699, 39.8277226439, 19129.16514762968, 8
220, 116.672263611, 39.8880757723, 11719.527197922902, 8
260, 116.985457875, 40.430459056, 12000, 5
321, 116.26784475, 40.0388528672, 15947.805918886317, 4
126, 115.708001547, 39.5960771565, 13000, 2
154, 116.64616354, 39.7673408481, 12730.972536569487, 5
488, 116.280883699, 39.8679610629, 20000, 3
33, 116.385216198, 40.0589468789, 14000, 2
283, 116.241768785, 40.1192179163, 13000, 4
263, 116.920215793, 39.7874714839, 12000, 2
456, 116.541770206, 40.0790389836, 12925.397074426597, 2
295, 116.150524999, 40.0689931627, 21876.865214502082, 7
115, 116.489579637, 39.5859934457, 14000, 0
272, 116.4373946, 39.9785582781, 20000, 4
458, 116.293923268, 39.8277226439, 20000, 4
252, 116.241768785, 40.4906905643, 8607.808413809675, 7
56, 116.64616354, 40.3099970656, 7567.628176494021, 8
192, 116.033269485, 40.430459056, 7314.581787576995, 8
140, 116.215695511, 39.9986586779, 17012.701699510086, 7
58, 116.515674298, 40.2698401126, 10000, 3
177, 116.463486358, 39.8377834084, 20000, 4
100, 116.411304501, 40.0890843555, 7745.144642541929, 13
25, 117.142003378, 40.1593905544, 10707.693378631786, 7
378, 116.593965207, 39.7069273837, 12811.093738252253, 6
223, 116.593965207, 39.8075987121, 14000, 4
414, 116.724464877, 40.0489001184, 11614.507391664181, 7
87, 116.359129829, 39.4850919091, 12669.72077812373, 5
27, 116.515674298, 39.64647925, 11947.993494348173, 5
394, 116.502626803, 40.1292616312, 12696.169234943498, 6
312, 116.789717144, 39.7472066935, 12000, 2
51, 116.398260116, 39.8981320507, 30000, 0
393, 116.698364103, 40.0790389836, 12000, 3
309, 116.359129829, 40.0187568373, 20000, 2
75, 116.776666722, 40.802022284, 8000, 5
470, 116.45044028, 39.5759086053, 14000, 2
170, 116.385216198, 40.0991292923, 13000, 0
384, 116.502626803, 39.9785582781, 19974.276062980683, 6
475, 116.554818584, 39.6364009796, 13000, 2
454, 116.476532816, 40.2598004466, 13000, 5
44, 116.25480644, 40.0288051115, 3767.01996777361, 4
416, 116.202659926, 39.6364009796, 12000, 2
73, 116.346087412, 40.1292616312, 12015.481785738117, 9
80, 116.541770206, 39.8176610831, 12000, 0
29, 116.411304501, 39.8679610629, 15936.232314825404, 3
342, 116.828868045, 40.1292616312, 13000, 4
161, 115.890062714, 39.64647925, 11727.94809147857, 5
383, 116.176590945, 40.0087080307, 19838.877017381714, 5
84, 117.089828303, 40.2095988551, 9117.090994418088, 8
248, 116.424349335, 39.626321649, 14000, 5
430, 116.724464877, 39.9383503123, 12880.079750603332, 6
211, 115.994200755, 39.7270689091, 11451.58744322113, 9
455, 116.424349335, 39.9986586779, 25000, 5
460, 116.4373946, 39.7572742176, 13893.620192065115, 5
169, 116.046294313, 39.857902604, 14000, 5
314, 116.502626803, 40.4003439928, 9000, 5
113, 116.26784475, 39.7270689091, 13932.903468830078, 4
70, 116.150524999, 40.3300747099, 13000, 2
129, 116.424349335, 40.2698401126, 12742.393813719222, 5
469, 116.124462225, 40.1895164372, 11847.690290768121, 8
288, 116.385216198, 40.1593905544, 3250, 0
95, 115.86403923, 40.1493479364, 14000, 2
413, 116.424349335, 39.8880757723, 20000, 2
493, 116.359129829, 40.0689931627, 13000, 4
148, 116.176590945, 40.1593905544, 14000, 0
407, 116.528722105, 39.9685072033, 20000, 3
236, 116.346087412, 40.0087080307, 20000, 4
467, 116.541770206, 39.857902604, 16437.107122938778, 12
337, 116.215695511, 40.1493479364, 12239.469605868271, 7
130, 116.189625065, 39.9484032343, 13333.436280523683, 5
24, 115.838020432, 39.5859934457, 13000, 3
266, 116.320004201, 39.8176610831, 15899.641611330211, 7
366, 116.607014521, 39.9282967469, 4904.587977932477, 1
363, 116.502626803, 40.3099970656, 9553.282326366925, 7
357, 116.293923268, 40.2899189035, 11561.826964939732, 7
8, 116.841918165, 39.6968551834, 11932.803139018224, 2
448, 115.942123188, 39.7673408481, 12511.388789538092, 5
431, 116.463486358, 40.0388528672, 20000, 16
86, 116.163557584, 40.5710065174, 9000, 4
495, 116.580916101, 40.0489001184, 30000, 1
320, 115.955141021, 39.9081876299, 15000, 5
122, 116.280883699, 40.1493479364, 14000, 5
360, 116.085374314, 40.1995577873, 11770.096214115794, 5
118, 116.241768785, 40.1995577873, 14000, 4
109, 115.929106424, 39.6867820062, 11932.803139018224, 2
379, 116.189625065, 39.8075987121, 17942.789677004203, 5
96, 116.411304501, 39.737138262, 13000, -176
241, 116.580916101, 40.1593905544, 12218.115977315954, 9
385, 115.968159904, 39.6968551834, 12822.572477144135, 5
247, 116.685313813, 39.7572742176, 11099.314311304845, 7
316, 116.202659926, 40.2296801995, 13000, 2
429, 116.033269485, 39.8176610831, 11427.421760198555, 6
315, 116.124462225, 39.8277226439, 15027.256190919965, 8
313, 116.4373946, 39.8981320507, 20000, 3
235, 116.306963441, 40.0689931627, 10663.286494336176, 9
325, 116.593965207, 40.1192179163, 12893.664577777246, 5
302, 115.890062714, 39.7270689091, 11426.476878300417, 8
368, 116.463486358, 39.8075987121, 13134.284041501422, 7
345, 116.672263611, 40.2598004466, 11945.82344358675, 5
374, 116.737515327, 40.1593905544, 13838.456658243573, 2
274, 116.150524999, 40.1192179163, 19496.51503119234, 6
356, 116.346087412, 39.8377834084, 18000, -374
48, 116.672263611, 40.0890843555, 13000, 4
65, 116.372172763, 39.6867820062, 11200, 12
485, 116.463486358, 40.1393049666, 14000, 3
47, 116.763616266, 40.2899189035, 4826.497687739026, 18
350, 116.4373946, 40.1192179163, 14000, 3
201, 116.202659926, 39.7673408481, 13000, 0
76, 115.994200755, 40.0991292923, 14000, 5
289, 116.333045531, 39.9785582781, 22000, 3
286, 116.085374314, 39.8880757723, 14000, -29
190, 116.528722105, 40.0890843555, 14000, -17
369, 116.385216198, 40.1192179163, 11918.704859841488, 7
298, 117.024599567, 40.1192179163, 10000, 5
127, 116.580916101, 40.2196396545, 12000, 2
293, 116.476532816, 39.7472066935, 12377.276542382957, 7
62, 116.868018032, 40.0689931627, 12000, 3
181, 116.554818584, 40.2095988551, 11801.786757924216, 5
88, 116.659213515, 39.6968551834, 11351.29135059149, 7
419, 116.554818584, 39.8880757723, 25000, 2
301, 116.580916101, 39.8679610629, 19640.375032552034, 7
440, 116.26784475, 39.6666326653, 12122.714075090938, 8
303, 115.90307617, 39.8478433905, 13000, 2
326, 116.789717144, 40.0589468789, 12000, 5
405, 116.750565796, 40.2095988551, 13000, 3
196, 117.155045904, 40.3099970656, 11647.70911085405, 5
142, 116.802767517, 40.2095988551, 11697.950565454314, 6
278, 116.176590945, 39.9584555266, 14000, 5
441, 116.489579637, 39.9282967469, 24159.47252741495, 6
120, 116.894117288, 40.2497605816, 10929.98524128516, 2
216, 116.25480644, 39.9986586779, 22000, 5
391, 116.4373946, 39.8478433905, 18000, 2
398, 116.789717144, 39.6565564739, 11349.77170166189, 8
348, 116.724464877, 39.8176610831, 13000, 0
89, 116.528722105, 40.1593905544, 13000, 2
277, 116.372172763, 40.4605744548, 8000, 5
395, 115.877050395, 40.1091738079, 15000, 2
420, 116.776666722, 40.1091738079, 13238.865665572766, 7
79, 116.320004201, 39.9584555266, 15626.026885400513, 9
229, 116.085374314, 40.0489001184, 15639.232821822046, 7
43, 116.607014521, 39.7472066935, 11602.720825063125, 8
376, 116.515674298, 40.2296801995, 12697.887454293697, 5
489, 116.320004201, 39.7774065989, 13000, 2
486, 116.763616266, 40.3601904489, 11000, 2
451, 116.320004201, 40.0087080307, 16000, 4
445, 116.424349335, 39.878018781, 30000, 4
49, 116.280883699, 40.6412949026, 4972.883766298679, 11
244, 115.981179821, 39.797535517, 12502.718334716628, 8
387, 116.020245604, 39.878018781, 14735.811394065788, 5
282, 116.202659926, 40.2095988551, 11881.975745928416, 5
238, 117.233289298, 40.1995577873, 10000, 2
251, 116.359129829, 39.9785582781, 20000, -189
54, 116.711414463, 39.7874714839, 11330.725986067178, 7
327, 116.854968166, 40.0589468789, 13000, 2
409, 116.26784475, 40.0890843555, 22000, -2
186, 116.372172763, 40.0187568373, 25000, 2
268, 116.150524999, 40.5007294903, 5179.448966713387, 8
243, 115.994200755, 40.3099970656, 13000, 5
479, 116.672263611, 40.0589468789, 13000, 4
71, 116.424349335, 39.6767078381, 12939.502404375837, 5
466, 116.724464877, 40.3601904489, 9886.459067054271, 2
468, 116.333045531, 39.6364009796, 14000, 2
210, 116.489579637, 40.1794747909, 13000, 4
496, 116.359129829, 39.737138262, 11951.707771853595, 8
209, 116.424349335, 40.1895164372, 8484.459714304596, 25
41, 115.955141021, 40.2296801995, 14000, 5
291, 116.398260116, 40.0689931627, 12000, 3
427, 116.659213515, 40.410382333, 7948.074829975387, 2
37, 116.228731803, 39.8277226439, 18000, 5
106, 116.306963441, 40.1593905544, 14000, 0
228, 115.720997519, 40.0288051115, 6069.043040690034, 18
197, 116.046294313, 40.1091738079, 14000, 2
31, 116.828868045, 40.1694328346, 4540.984348564103, 3
308, 116.4373946, 40.0087080307, 30000, 3
147, 116.463486358, 40.3401133727, 8000, 2
324, 116.333045531, 39.9282967469, 30000, 0
335, 115.981179821, 40.0589468789, 13932.903468830078, 3
473, 116.241768785, 39.5759086053, 13932.903468830078, 3
319, 116.385216198, 39.5859934457, 13000, 0
1, 116.750565796, 40.0388528672, 13750.314038832577, 5
215, 116.215695511, 40.3401133727, 14000, 2
160, 116.815817823, 40.0790389836, 11945.82344358675, 5
9, 116.293923268, 40.0388528672, 18000, 4
28, 116.789717144, 40.1995577873, 12354.550025865792, 5
449, 116.633113705, 39.9685072033, 30000, -23
123, 116.189625065, 40.2698401126, 5198.22136610174, 18
423, 116.176590945, 39.857902604, 14771.199846805866, 7
23, 116.45044028, 39.878018781, 25000, 2
108, 116.580916101, 39.9986586779, 23974.870142698084, 6
99, 116.633113705, 40.1292616312, 11314.229381092708, 8
331, 116.828868045, 40.3300747099, 10949.877373264855, 5
452, 115.942123188, 40.5007294903, 12000, 3
213, 116.280883699, 39.9081876299, 20000, 0
463, 116.750565796, 40.3200359456, 8000, 3
462, 116.189625065, 40.0087080307, 16000, 3
257, 116.163557584, 39.9785582781, 13478.264744413784, 8
472, 116.293923268, 39.7069273837, 13000, 3
153, 116.202659926, 39.8277226439, 16000, 0
167, 116.163557584, 39.737138262, 12000, 2
362, 116.541770206, 39.6767078381, 13000, 3
102, 117.298474831, 40.1593905544, 10929.98524128516, 2
323, 116.45044028, 39.8478433905, 25000, 2
184, 116.776666722, 39.797535517, 12193.127218735757, 8
114, 116.750565796, 39.7069273837, 13000, 4
351, 116.894117288, 40.6714231542, 10000, 2
380, 116.293923268, 39.9986586779, 17041.92082843803, 6
459, 116.685313813, 40.3501519477, 9000, 3
256, 116.554818584, 39.9584555266, 7817.319107017352, -55
149, 116.607014521, 39.6666326653, 11779.123614797552, 8
262, 116.920215793, 40.3300747099, 11000, 3
281, 116.554818584, 39.9484032343, 30000, 4
203, 116.346087412, 39.7774065989, 13000, 0
19, 116.972410005, 40.3702288901, 10000, 3
188, 116.502626803, 39.9584555266, 25000, -4
176, 116.398260116, 39.8377834084, 4258, 0
245, 116.346087412, 39.9484032343, 19930.875047752255, 3
38, 116.398260116, 40.0187568373, 17983.529934233487, 8
135, 116.359129829, 39.8478433905, 5226.719075228022, 2
40, 116.4373946, 39.7874714839, 11912.079955340667, 5
231, 116.881067745, 40.1192179163, 11599.065164512578, 7
255, 116.607014521, 40.1192179163, 12934.80062772609, 3
221, 116.098402761, 40.6011284424, 8870.90207200464, 2
206, 116.502626803, 39.7774065989, 12253.297809030017, 8
338, 116.607014521, 40.430459056, 11926.292986733959, 2
146, 116.280883699, 39.5254669701, 13000, 4
299, 116.398260116, 40.1593905544, 8170.0533073667575, 16
406, 116.072346745, 39.9986586779, 15000, 5
103, 115.487294876, 39.7270689091, 13000, 3
237, 116.385216198, 39.5254669701, 11553.896049972554, 4
494, 116.789717144, 40.0288051115, 12000, 1
421, 116.228731803, 39.797535517, 13000, 3
353, 116.215695511, 40.2899189035, 13000, 3
311, 116.215695511, 39.6565564739, 13858.503429147719, 5
269, 116.515674298, 40.0087080307, 25000, 5
172, 115.994200755, 39.6162412442, 13000, 4
82, 115.90307617, 40.4906905643, 9000, 3
390, 116.476532816, 39.626321649, 14000, 3
438, 116.802767517, 40.2798795936, 12000, 3
478, 116.306963441, 39.7572742176, 13380.25999437747, 8
50, 116.280883699, 39.7874714839, 13257.940438344629, 8
10, 116.998505436, 40.0790389836, 11255.02388003645, 7
258, 116.489579637, 39.857902604, 18831.583427858834, 7
30, 116.567867221, 39.918242524, 6874.784626491093, 8
158, 116.098402761, 39.9484032343, 14000, -311
162, 116.698364103, 39.918242524, 12000, 4
226, 116.26784475, 39.9584555266, 22000, 2
392, 116.489579637, 39.8075987121, 14000, 0
94, 116.750565796, 39.8478433905, 12000, 4
208, 117.128960338, 40.0790389836, 11000, 0
163, 116.476532816, 39.6867820062, 11760.60733175319, 8
152, 116.411304501, 39.8075987121, 13000, -32
480, 116.26784475, 39.9282967469, 17248.156975814953, 5
476, 116.306963441, 40.2296801995, 13000, 4
372, 116.711414463, 39.9282967469, 14000, 2
355, 116.346087412, 40.3401133727, 6038.229562261609, 18
42, 116.189625065, 40.0489001184, 20000, 2
125, 116.085374314, 39.797535517, 20000, 0
105, 116.881067745, 40.5609663578, 10947.888160066885, 4
63, 116.346087412, 39.8981320507, 35000, 2
15, 116.763616266, 39.878018781, 13000, 4
287, 116.385216198, 40.1895164372, 11757.527680398185, 12
344, 116.593965207, 40.1995577873, 10919.4327813221, 10
436, 116.293923268, 39.9785582781, 15428.666832668685, 5
233, 116.346087412, 40.0489001184, 20000, 4
20, 116.463486358, 40.1091738079, 13774.979999588835, 5
330, 116.085374314, 39.6968551834, 5479.507273875023, 18
401, 116.372172763, 39.8176610831, 17456.732459036906, 5
136, 116.959361845, 40.1493479364, 11867.39444017268, 5
389, 116.620064026, 40.0790389836, 13000, 3
422, 116.841918165, 39.8377834084, 13000, 2
365, 115.994200755, 40.5609663578, 9897.198441520957, 5
175, 116.567867221, 39.8981320507, 16000, 12
92, 116.633113705, 40.7618294292, 4790.900736806348, 7
32, 116.424349335, 40.1393049666, 12741.399393659214, 5
250, 116.894117288, 40.2196396545, 12753.823286450486, 5
483, 116.372172763, 40.1393049666, 13000, 4
230, 116.554818584, 39.988608765, 30000, -219
294, 116.476532816, 39.9282967469, 30000, -13
183, 116.828868045, 39.7572742176, 12272.653696708905, 6
418, 116.176590945, 40.1192179163, 16867.696966027288, 7
487, 116.4373946, 39.8679610629, 35000, 0
138, 116.150524999, 39.857902604, 14213.684189055428, 9
490, 116.020245604, 39.9584555266, 15000, 3
67, 116.463486358, 39.9584555266, 20000, 4
437, 116.659213515, 39.6364009796, 13601.662051013867, 6
484, 116.841918165, 39.8075987121, 12859.110693685276, 5
270, 116.241768785, 39.9484032343, 16000, 2
332, 116.672263611, 39.8176610831, 7330.4445579023295, 16
461, 116.411304501, 39.918242524, 30000, 6
137, 115.733994852, 39.9282967469, 14225.48847861062, 7
439, 116.463486358, 39.9986586779, 30000, 0
26, 116.737515327, 39.8478433905, 12937.151516050963, 3
341, 116.150524999, 40.2798795936, 13243.576487913282, 8
465, 116.163557584, 39.7572742176, 12000, 6
433, 116.4373946, 39.9383503123, 30000, 3
447, 116.881067745, 40.3300747099, 10000, 2
367, 116.007222688, 40.1593905544, 12715.463107004574, 7
232, 116.280883699, 40.0187568373, 19732.428176747395, 5
482, 116.64616354, 40.1192179163, 12000, 3
292, 116.737515327, 39.8981320507, 12000, 2
219, 116.26784475, 39.6968551834, 13000, 0
179, 116.698364103, 39.9584555266, 11866.795824987017, 5
185, 116.489579637, 40.0087080307, 35000, -7
202, 116.593965207, 40.2497605816, 10322.388895245898, 18
428, 116.124462225, 40.0187568373, 14000, 2
343, 116.085374314, 39.5960771565, 11950.163545109594, 5
5, 116.763616266, 40.4003439928, 9785.034692674295, 7
173, 116.528722105, 39.7069273837, 13338.39273787496, 9
12, 116.333045531, 39.6061597513, 12637.861393166275, 6
415, 116.881067745, 39.7673408481, 13000, 4
224, 116.685313813, 40.0991292923, 13000, 2
373, 116.385216198, 39.64647925, 14000, 5
349, 116.685313813, 40.1393049666, 11881.975745928135, 3
53, 116.137493207, 39.7774065989, 17942.789677004203, 4
21, 116.620064026, 40.1794747909, 12000, 2
55, 116.672263611, 39.8981320507, 12000, 3
285, 116.189625065, 39.9282967469, 13134.801484556125, 9
271, 116.306963441, 39.6666326653, 14000, 2
57, 116.046294313, 40.2899189035, 12834.05944252004, 6
297, 116.124462225, 39.7472066935, 13000, -8
74, 116.215695511, 39.8679610629, 15859.721796266558, 6
404, 116.659213515, 40.1192179163, 12955.958622649949, 5
240, 116.25480644, 39.8176610831, 16000, 6
388, 116.372172763, 40.2296801995, 12000, 0
134, 116.881067745, 40.4505359281, 10000, 3
217, 116.476532816, 39.9081876299, 35000, 1
359, 116.620064026, 40.0288051115, 13000, 2
261, 116.306963441, 39.7270689091, 13000, 5
411, 116.293923268, 39.6666326653, 11574.79558510273, 6
157, 116.698364103, 39.6767078381, 12912.311028647564, 6
107, 117.011552673, 40.2798795936, 11727.948091479495, 5
382, 116.64616354, 39.9383503123, 12725.666883175736, 7
492, 116.633113705, 39.8176610831, 13000, 0
375, 116.398260116, 39.9986586779, 30000, 0
443, 116.007222688, 40.0790389836, 15000, 2
364, 115.968159904, 40.3702288901, 10000, 2
168, 116.737515327, 40.4706130605, 5159.629472084973, 9
0, 115.916090746, 39.9282967469, 15000, 5
131, 116.685313813, 40.0087080307, 10744.255275400914, 8
453, 116.489579637, 39.9986586779, 29937.111572753176, 3
178, 116.150524999, 39.626321649, 11318.462469044629, 7
242, 116.411304501, 39.9685072033, 30000, 4
159, 116.64616354, 40.0187568373, 9493.436659989431, 22
69, 116.737515327, 39.9484032343, 11157.719192743836, 9
265, 116.554818584, 40.4404974664, 12000, 3
254, 116.4373946, 39.7069273837, 10314.931662221454, 18
182, 116.593965207, 39.918242524, 25000, 2
81, 116.541770206, 40.5208077598, 10000, 2
403, 116.593965207, 39.9282967469, 30000, 2
156, 116.346087412, 39.8880757723, 30000, -254
165, 116.398260116, 39.9484032343, 28512.654922321304, 6
187, 116.124462225, 40.1493479364, 14000, 5
264, 116.333045531, 40.0991292923, 14000, 0
464, 116.346087412, 39.797535517, 12335.453920117274, 6
98, 116.489579637, 39.8377834084, 30000, -46
259, 116.672263611, 40.1694328346, 12444.988573953508, 7
35, 117.272402659, 40.6513373056, 9542.01171328623, 5
432, 116.554818584, 40.0288051115, 19882.643682309917, 18
110, 115.929106424, 40.3802672852, 9000, 2
139, 116.711414463, 40.1292616312, 11612.23408087531, 6
417, 116.189625065, 39.9685072033, 17731.968979973382, 8
386, 116.476532816, 39.6565564739, 14000, 2
354, 116.215695511, 39.716998621, 12797.473595289204, 8
239, 116.228731803, 40.0790389836, 11206.503513690184, 13
59, 115.955141021, 40.0991292923, 13000, 3
396, 116.541770206, 39.7472066935, 11867.394440171971, 6
